{
    "name": "root",
    "gauges": {
        "FlappyBird.Policy.Entropy.mean": {
            "value": 0.05982724577188492,
            "min": 0.05563659220933914,
            "max": 0.07633530348539352,
            "count": 11
        },
        "FlappyBird.Policy.Entropy.sum": {
            "value": 2986.576171875,
            "min": 2780.716796875,
            "max": 3810.658447265625,
            "count": 11
        },
        "FlappyBird.Step.mean": {
            "value": 1549957.0,
            "min": 1049997.0,
            "max": 1549957.0,
            "count": 11
        },
        "FlappyBird.Step.sum": {
            "value": 1549957.0,
            "min": 1049997.0,
            "max": 1549957.0,
            "count": 11
        },
        "FlappyBird.Policy.ExtrinsicValueEstimate.mean": {
            "value": 9.98789119720459,
            "min": 9.944321632385254,
            "max": 9.994180679321289,
            "count": 11
        },
        "FlappyBird.Policy.ExtrinsicValueEstimate.sum": {
            "value": 7800.54296875,
            "min": 7774.40185546875,
            "max": 7823.5947265625,
            "count": 11
        },
        "FlappyBird.Environment.EpisodeLength.mean": {
            "value": 52134.0,
            "min": 3490.5,
            "max": 97989.0,
            "count": 6
        },
        "FlappyBird.Environment.EpisodeLength.sum": {
            "value": 52134.0,
            "min": 6981.0,
            "max": 129301.0,
            "count": 6
        },
        "FlappyBird.Environment.CumulativeReward.mean": {
            "value": 5212.500465393066,
            "min": 348.1500306725502,
            "max": 9798.000876069069,
            "count": 6
        },
        "FlappyBird.Environment.CumulativeReward.sum": {
            "value": 5212.500465393066,
            "min": 696.3000613451004,
            "max": 12927.401155471802,
            "count": 6
        },
        "FlappyBird.Policy.ExtrinsicReward.mean": {
            "value": 5212.500465393066,
            "min": 348.1500306725502,
            "max": 9798.000876069069,
            "count": 6
        },
        "FlappyBird.Policy.ExtrinsicReward.sum": {
            "value": 5212.500465393066,
            "min": 696.3000613451004,
            "max": 12927.401155471802,
            "count": 6
        },
        "FlappyBird.Losses.PolicyLoss.mean": {
            "value": 0.02297959488040457,
            "min": 0.02123471366086354,
            "max": 0.026282017775035155,
            "count": 11
        },
        "FlappyBird.Losses.PolicyLoss.sum": {
            "value": 0.11489797440202286,
            "min": 0.09321915875189006,
            "max": 0.11659288036947449,
            "count": 11
        },
        "FlappyBird.Losses.ValueLoss.mean": {
            "value": 0.018821643206174486,
            "min": 0.0006930176950603103,
            "max": 0.05574033118435182,
            "count": 11
        },
        "FlappyBird.Losses.ValueLoss.sum": {
            "value": 0.09410821603087244,
            "min": 0.0034650884753015514,
            "max": 0.2787016559217591,
            "count": 11
        },
        "FlappyBird.Policy.LearningRate.mean": {
            "value": 0.00025421908526031,
            "min": 0.00025421908526031,
            "max": 0.000269224315258565,
            "count": 11
        },
        "FlappyBird.Policy.LearningRate.sum": {
            "value": 0.0012710954263015501,
            "min": 0.0010409777630074298,
            "max": 0.00133913510362165,
            "count": 11
        },
        "FlappyBird.Policy.Epsilon.mean": {
            "value": 0.18473969,
            "min": 0.18473969,
            "max": 0.18974143499999996,
            "count": 11
        },
        "FlappyBird.Policy.Epsilon.sum": {
            "value": 0.9236984500000001,
            "min": 0.7469925700000001,
            "max": 0.9463783499999998,
            "count": 11
        },
        "FlappyBird.Policy.Beta.mean": {
            "value": 0.004238510531,
            "min": 0.004238510531,
            "max": 0.0044880976065,
            "count": 11
        },
        "FlappyBird.Policy.Beta.sum": {
            "value": 0.021192552655,
            "min": 0.017354929243,
            "max": 0.022324279664999995,
            "count": 11
        },
        "FlappyBird.IsTraining.mean": {
            "value": 1.0,
            "min": 1.0,
            "max": 1.0,
            "count": 11
        },
        "FlappyBird.IsTraining.sum": {
            "value": 1.0,
            "min": 1.0,
            "max": 1.0,
            "count": 11
        }
    },
    "metadata": {
        "timer_format_version": "0.1.0",
        "start_time_seconds": "1713688477",
        "python_version": "3.10.12 | packaged by Anaconda, Inc. | (main, Jul  5 2023, 19:01:18) [MSC v.1916 64 bit (AMD64)]",
        "command_line_arguments": "C:\\Users\\user\\miniconda3\\envs\\mlagents\\Scripts\\mlagents-learn config/FlappyBirdNext.yaml --run-id=FlappyBird --resume",
        "mlagents_version": "1.1.0.dev0",
        "mlagents_envs_version": "1.1.0.dev0",
        "communication_protocol_version": "1.5.0",
        "pytorch_version": "2.2.2+cu121",
        "numpy_version": "1.23.5",
        "end_time_seconds": "1713690409"
    },
    "total": 1932.1739025000134,
    "count": 1,
    "self": 0.012336800020420924,
    "children": {
        "run_training.setup": {
            "total": 0.13889959998778068,
            "count": 1,
            "self": 0.13889959998778068
        },
        "TrainerController.start_learning": {
            "total": 1932.0226661000052,
            "count": 1,
            "self": 4.859077200788306,
            "children": {
                "TrainerController._reset_env": {
                    "total": 7.303100400022231,
                    "count": 1,
                    "self": 7.303100400022231
                },
                "TrainerController.advance": {
                    "total": 1919.7227769991732,
                    "count": 137753,
                    "self": 4.681604197859997,
                    "children": {
                        "env_step": {
                            "total": 1582.3212383067294,
                            "count": 137753,
                            "self": 716.0048562081065,
                            "children": {
                                "SubprocessEnvManager._take_step": {
                                    "total": 863.1476393002085,
                                    "count": 137753,
                                    "self": 14.803195501386654,
                                    "children": {
                                        "TorchPolicy.evaluate": {
                                            "total": 848.3444437988219,
                                            "count": 137753,
                                            "self": 848.3444437988219
                                        }
                                    }
                                },
                                "workers": {
                                    "total": 3.168742798414314,
                                    "count": 137752,
                                    "self": 0.0,
                                    "children": {
                                        "worker_root": {
                                            "total": 1920.6404529016581,
                                            "count": 137752,
                                            "is_parallel": true,
                                            "self": 1459.8441702128912,
                                            "children": {
                                                "steps_from_proto": {
                                                    "total": 0.0004890999989584088,
                                                    "count": 1,
                                                    "is_parallel": true,