{
    "name": "root",
    "gauges": {
        "FlappyBird.Policy.Entropy.mean": {
            "value": 0.041467007249593735,
            "min": 0.037404607981443405,
            "max": 0.6701001524925232,
            "count": 92
        },
        "FlappyBird.Policy.Entropy.sum": {
            "value": 2079.321533203125,
            "min": 1835.7152099609375,
            "max": 38126.01953125,
            "count": 92
        },
        "FlappyBird.Environment.EpisodeLength.mean": {
            "value": 11488.0,
            "min": 40.406430338004945,
            "max": 17209.0,
            "count": 87
        },
        "FlappyBird.Environment.EpisodeLength.sum": {
            "value": 22976.0,
            "min": 581.0,
            "max": 435073.0,
            "count": 87
        },
        "FlappyBird.Step.mean": {
            "value": 4599970.0,
            "min": 49988.0,
            "max": 4599970.0,
            "count": 92
        },
        "FlappyBird.Step.sum": {
            "value": 4599970.0,
            "min": 49988.0,
            "max": 4599970.0,
            "count": 92
        },
        "FlappyBird.Policy.ExtrinsicValueEstimate.mean": {
            "value": 9.932183265686035,
            "min": 0.5544654130935669,
            "max": 9.991630554199219,
            "count": 92
        },
        "FlappyBird.Policy.ExtrinsicValueEstimate.sum": {
            "value": 7766.96728515625,
            "min": 669.794189453125,
            "max": 7839.2734375,
            "count": 92
        },
        "FlappyBird.Environment.CumulativeReward.mean": {
            "value": 1147.900102198124,
            "min": 3.1380792489114975,
            "max": 1720.000153541565,
            "count": 87
        },
        "FlappyBird.Environment.CumulativeReward.sum": {
            "value": 2295.800204396248,
            "min": 57.20000517368317,
            "max": 43455.10387021303,
            "count": 87
        },
        "FlappyBird.Policy.ExtrinsicReward.mean": {
            "value": 1147.900102198124,
            "min": 3.1380792489114975,
            "max": 1720.000153541565,
            "count": 87
        },
        "FlappyBird.Policy.ExtrinsicReward.sum": {
            "value": 2295.800204396248,
            "min": 57.20000517368317,
            "max": 43455.10387021303,
            "count": 87
        },
        "FlappyBird.Losses.PolicyLoss.mean": {
            "value": 0.024939070300509535,
            "min": 0.019935584176952643,
            "max": 0.02946963026964416,
            "count": 92
        },
        "FlappyBird.Losses.PolicyLoss.sum": {
            "value": 0.09975628120203814,
            "min": 0.08538287434106072,
            "max": 0.1388616568176076,
            "count": 92
        },
        "FlappyBird.Losses.ValueLoss.mean": {
            "value": 0.04743189743094263,
            "min": 0.00012105740829914187,
            "max": 0.8940872547030448,
            "count": 92
        },
        "FlappyBird.Losses.ValueLoss.sum": {
            "value": 0.18972758972377052,
            "min": 0.0006002022933292513,
            "max": 4.470436273515224,
            "count": 92
        },
        "FlappyBird.Policy.LearningRate.mean": {
            "value": 0.0001627256407581351,
            "min": 0.0001627256407581351,
            "max": 0.0002992235927588025,
            "count": 92
        },
        "FlappyBird.Policy.LearningRate.sum": {
            "value": 0.0006509025630325404,
            "min": 0.0006509025630325404,
            "max": 0.0014890994736335098,
            "count": 92
        },
        "FlappyBird.Policy.Epsilon.mean": {
            "value": 0.15424186500000003,
            "min": 0.15424186500000003,
            "max": 0.19974119750000002,
            "count": 92
        },
        "FlappyBird.Policy.Epsilon.sum": {
            "value": 0.6169674600000001,
            "min": 0.6169674600000001,
            "max": 0.9963664900000001,
            "count": 92
        },
        "FlappyBird.Policy.Beta.mean": {
            "value": 0.002716669063500001,
            "min": 0.002716669063500001,
            "max": 0.00498708575525,
            "count": 92
        },
        "FlappyBird.Policy.Beta.sum": {
            "value": 0.010866676254000004,
            "min": 0.010866676254000004,
            "max": 0.024818687851,
            "count": 92
        },
        "FlappyBird.IsTraining.mean": {
            "value": 1.0,
            "min": 1.0,
            "max": 1.0,
            "count": 92
        },
        "FlappyBird.IsTraining.sum": {
            "value": 1.0,
            "min": 1.0,
            "max": 1.0,
            "count": 92
        }
    },
    "metadata": {
        "timer_format_version": "0.1.0",
        "start_time_seconds": "1713772305",
        "python_version": "3.10.12 | packaged by Anaconda, Inc. | (main, Jul  5 2023, 19:01:18) [MSC v.1916 64 bit (AMD64)]",
        "command_line_arguments": "C:\\Users\\user\\miniconda3\\envs\\mlagents\\Scripts\\mlagents-learn config/FlappyBird.yaml --env=Builds/Flappy Bird Agent --num-envs=16 --run-id=FlappyBird",
        "mlagents_version": "1.1.0.dev0",
        "mlagents_envs_version": "1.1.0.dev0",
        "communication_protocol_version": "1.5.0",
        "pytorch_version": "2.2.2+cu121",
        "numpy_version": "1.23.5",
        "end_time_seconds": "1713776183"
    },
    "total": 3878.1989971000003,
    "count": 1,
    "self": 1.8364985000007437,
    "children": {
        "run_training.setup": {
            "total": 1.8589112999979989,
            "count": 1,
            "self": 1.8589112999979989
        },
        "TrainerController.start_learning": {
            "total": 3874.5035873000015,
            "count": 1,
            "self": 1.7961643994785845,
            "children": {
                "TrainerController._reset_env": {
                    "total": 24.372538400006306,
                    "count": 1,
                    "self": 24.372538400006306
                },
                "TrainerController.advance": {
                    "total": 3848.111837200515,
                    "count": 19389,
                    "self": 0.8792431005713297,
                    "children": {
                        "env_step": {
                            "total": 1724.2093912996716,
                            "count": 19389,
                            "self": 407.9243867985133,
                            "children": {
                                "SubprocessEnvManager._take_step": {
                                    "total": 1313.8266096007428,
                                    "count": 289419,
                                    "self": 33.862648802307376,
                                    "children": {
                                        "TorchPolicy.evaluate": {
                                            "total": 1279.9639607984354,
                                            "count": 289419,
                                            "self": 1279.9639607984354
                                        }
                                    }
                                },
                                "workers": {
                                    "total": 2.458394900415442,
                                    "count": 19389,
                                    "self": 0.0,
                                    "children": {
                                        "worker_root": {
                                            "total": 61585.84628580179,
                                            "count": 289418,
                                            "is_parallel": true,
                                            "self": 60156.188187702566,
                                            "children": {
                                                "steps_from_proto": {
                                                    "total": 0.017000200001348276,
                                                    "count": 16,