{
    "name": "root",
    "gauges": {
        "FlappyBird.Policy.Entropy.mean": {
            "value": 0.08965027332305908,
            "min": 0.04660450667142868,
            "max": 0.28964802622795105,
            "count": 36
        },
        "FlappyBird.Policy.Entropy.sum": {
            "value": 895.068359375,
            "min": 465.2994079589844,
            "max": 2924.286376953125,
            "count": 36
        },
        "FlappyBird.Environment.EpisodeLength.mean": {
            "value": 2384.0,
            "min": 121.21518987341773,
            "max": 9888.5,
            "count": 33
        },
        "FlappyBird.Environment.EpisodeLength.sum": {
            "value": 11920.0,
            "min": 1831.0,
            "max": 34266.0,
            "count": 33
        },
        "FlappyBird.Step.mean": {
            "value": 359957.0,
            "min": 9975.0,
            "max": 359957.0,
            "count": 36
        },
        "FlappyBird.Step.sum": {
            "value": 359957.0,
            "min": 9975.0,
            "max": 359957.0,
            "count": 36
        },
        "FlappyBird.Policy.ExtrinsicValueEstimate.mean": {
            "value": 10.014182090759277,
            "min": 3.717465877532959,
            "max": 10.014182090759277,
            "count": 36
        },
        "FlappyBird.Policy.ExtrinsicValueEstimate.sum": {
            "value": 1562.21240234375,
            "min": 691.4486694335938,
            "max": 1562.21240234375,
            "count": 36
        },
        "FlappyBird.Environment.CumulativeReward.mean": {
            "value": 237.5000211238861,
            "min": 11.221519489077073,
            "max": 987.950088083744,
            "count": 33
        },
        "FlappyBird.Environment.CumulativeReward.sum": {
            "value": 1187.5001056194305,
            "min": 182.20001602172852,
            "max": 3420.3003029823303,
            "count": 33
        },
        "FlappyBird.Policy.ExtrinsicReward.mean": {
            "value": 237.5000211238861,
            "min": 11.221519489077073,
            "max": 987.950088083744,
            "count": 33
        },
        "FlappyBird.Policy.ExtrinsicReward.sum": {
            "value": 1187.5001056194305,
            "min": 182.20001602172852,
            "max": 3420.3003029823303,
            "count": 33
        },
        "FlappyBird.Losses.PolicyLoss.mean": {
            "value": 0.24856762342629507,
            "min": 0.2384970845649486,
            "max": 0.25077870582454237,
            "count": 36
        },
        "FlappyBird.Losses.PolicyLoss.sum": {
            "value": 19.388274627251015,
            "min": 17.83828461978064,
            "max": 19.52664824495953,
            "count": 36
        },
        "FlappyBird.Losses.ValueLoss.mean": {
            "value": 0.00995600569618245,
            "min": 0.0027178905525072636,
            "max": 2.00436495642542,
            "count": 36
        },
        "FlappyBird.Losses.ValueLoss.sum": {
            "value": 0.7765684443022312,
            "min": 0.21199546309556655,
            "max": 156.34046660118275,
            "count": 36
        },
        "FlappyBird.Policy.LearningRate.mean": {
            "value": 8.698267100579997e-05,
            "min": 8.698267100579997e-05,
            "max": 0.00029704082598639163,
            "count": 36
        },
        "FlappyBird.Policy.LearningRate.sum": {
            "value": 0.006784648338452398,
            "min": 0.006784648338452398,
            "max": 0.0221132030289324,
            "count": 36
        },
        "FlappyBird.Policy.Epsilon.mean": {
            "value": 0.1289942,
            "min": 0.1289942,
            "max": 0.19901360833333334,
            "count": 36
        },
        "FlappyBird.Policy.Epsilon.sum": {
            "value": 10.0615476,
            "min": 10.0615476,
            "max": 14.971067600000003,
            "count": 36
        },
        "FlappyBird.Policy.Beta.mean": {
            "value": 0.0005000000000000001,
            "min": 0.0005,
            "max": 0.0005000000000000001,
            "count": 36
        },
        "FlappyBird.Policy.Beta.sum": {
            "value": 0.03900000000000001,
            "min": 0.036000000000000004,
            "max": 0.03950000000000001,
            "count": 36
        },
        "FlappyBird.IsTraining.mean": {
            "value": 1.0,
            "min": 1.0,
            "max": 1.0,
            "count": 36
        },
        "FlappyBird.IsTraining.sum": {
            "value": 1.0,
            "min": 1.0,
            "max": 1.0,
            "count": 36
        }
    },
    "metadata": {
        "timer_format_version": "0.1.0",
        "start_time_seconds": "1713632925",
        "python_version": "3.10.12 | packaged by Anaconda, Inc. | (main, Jul  5 2023, 19:01:18) [MSC v.1916 64 bit (AMD64)]",
        "command_line_arguments": "C:\\Users\\user\\miniconda3\\envs\\mlagents\\Scripts\\mlagents-learn config/FlappyBird.yaml --run-id=FlappyBird",
        "mlagents_version": "1.1.0.dev0",
        "mlagents_envs_version": "1.1.0.dev0",
        "communication_protocol_version": "1.5.0",
        "pytorch_version": "2.2.2+cu121",
        "numpy_version": "1.23.5",
        "end_time_seconds": "1713636096"
    },
    "total": 3171.074322600005,
    "count": 1,
    "self": 0.01110599999083206,
    "children": {
        "run_training.setup": {
            "total": 0.14565350000339095,
            "count": 1,
            "self": 0.14565350000339095
        },
        "TrainerController.start_learning": {
            "total": 3170.9175631000107,
            "count": 1,
            "self": 2.7819034009589814,
            "children": {
                "TrainerController._reset_env": {
                    "total": 24.676469600002747,
                    "count": 1,
                    "self": 24.676469600002747
                },
                "TrainerController.advance": {
                    "total": 3143.2578833990556,
                    "count": 90501,
                    "self": 2.6940740021964302,
                    "children": {
                        "env_step": {
                            "total": 1099.0282496966101,
                            "count": 90501,
                            "self": 600.8663111003698,
                            "children": {
                                "SubprocessEnvManager._take_step": {
                                    "total": 496.3755499972467,
                                    "count": 90501,
                                    "self": 8.69453829889244,
                                    "children": {
                                        "TorchPolicy.evaluate": {
                                            "total": 487.68101169835427,
                                            "count": 90501,
                                            "self": 487.68101169835427
                                        }
                                    }
                                },
                                "workers": {
                                    "total": 1.7863885989936534,
                                    "count": 90500,
                                    "self": 0.0,
                                    "children": {
                                        "worker_root": {
                                            "total": 3126.8511730002065,
                                            "count": 90500,
                                            "is_parallel": true,
                                            "self": 2692.3502070013637,
                                            "children": {
                                                "steps_from_proto": {
                                                    "total": 0.0009905000042635947,
                                                    "count": 1,
                                                    "is_parallel": true,