{
    "name": "root",
    "gauges": {
        "FlappyBird.Policy.Entropy.mean": {
            "value": 0.03560826554894447,
            "min": 0.03499714657664299,
            "max": 0.6742636561393738,
            "count": 111
        },
        "FlappyBird.Policy.Entropy.sum": {
            "value": 1788.104736328125,
            "min": 1736.9783935546875,
            "max": 34802.79296875,
            "count": 111
        },
        "FlappyBird.Environment.EpisodeLength.mean": {
            "value": 31706.0,
            "min": 40.21334431630972,
            "max": 53306.0,
            "count": 100
        },
        "FlappyBird.Environment.EpisodeLength.sum": {
            "value": 63412.0,
            "min": 1111.0,
            "max": 433176.0,
            "count": 100
        },
        "FlappyBird.Step.mean": {
            "value": 5549989.0,
            "min": 49990.0,
            "max": 5549989.0,
            "count": 111
        },
        "FlappyBird.Step.sum": {
            "value": 5549989.0,
            "min": 49990.0,
            "max": 5549989.0,
            "count": 111
        },
        "FlappyBird.Policy.ExtrinsicValueEstimate.mean": {
            "value": 9.966120719909668,
            "min": 1.488391399383545,
            "max": 9.993244171142578,
            "count": 111
        },
        "FlappyBird.Policy.ExtrinsicValueEstimate.sum": {
            "value": 7803.47216796875,
            "min": 1544.9503173828125,
            "max": 7966.5244140625,
            "count": 111
        },
        "FlappyBird.Environment.CumulativeReward.mean": {
            "value": 3169.700282871723,
            "min": 3.1211869041485327,
            "max": 5329.700476169586,
            "count": 100
        },
        "FlappyBird.Environment.CumulativeReward.sum": {
            "value": 6339.400565743446,
            "min": 110.20000982284546,
            "max": 43206.9038220346,
            "count": 100
        },
        "FlappyBird.Policy.ExtrinsicReward.mean": {
            "value": 3169.700282871723,
            "min": 3.1211869041485327,
            "max": 5329.700476169586,
            "count": 100
        },
        "FlappyBird.Policy.ExtrinsicReward.sum": {
            "value": 6339.400565743446,
            "min": 110.20000982284546,
            "max": 43206.9038220346,
            "count": 100
        },
        "FlappyBird.Losses.PolicyLoss.mean": {
            "value": 0.025696214114626248,
            "min": 0.019211285716543593,
            "max": 0.028440937081662315,
            "count": 111
        },
        "FlappyBird.Losses.PolicyLoss.sum": {
            "value": 0.12848107057313124,
            "min": 0.07714401222765446,
            "max": 0.13771648467518388,
            "count": 111
        },
        "FlappyBird.Losses.ValueLoss.mean": {
            "value": 0.03782705726946006,
            "min": 0.0003032359213102609,
            "max": 1.211444258665045,
            "count": 111
        },
        "FlappyBird.Losses.ValueLoss.sum": {
            "value": 0.1891352863473003,
            "min": 0.0015161796065513045,
            "max": 6.057221293325225,
            "count": 111
        },
        "FlappyBird.Policy.LearningRate.mean": {
            "value": 0.00013415254328250404,
            "min": 0.00013415254328250404,
            "max": 0.00029922939775686746,
            "count": 111
        },
        "FlappyBird.Policy.LearningRate.sum": {
            "value": 0.0006707627164125202,
            "min": 0.0005670366909878401,
            "max": 0.0014891873736042097,
            "count": 111
        },
        "FlappyBird.Policy.Epsilon.mean": {
            "value": 0.14471749600000003,
            "min": 0.14471749600000003,
            "max": 0.1997431325,
            "count": 111
        },
        "FlappyBird.Policy.Epsilon.sum": {
            "value": 0.7235874800000002,
            "min": 0.58901216,
            "max": 0.99639579,
            "count": 111
        },
        "FlappyBird.Policy.Beta.mean": {
            "value": 0.0022414030504000005,
            "min": 0.0022414030504000005,
            "max": 0.0049871823117500005,
            "count": 111
        },
        "FlappyBird.Policy.Beta.sum": {
            "value": 0.011207015252000001,
            "min": 0.009471706784000002,
            "max": 0.024820149921000005,
            "count": 111
        },
        "FlappyBird.IsTraining.mean": {
            "value": 1.0,
            "min": 1.0,
            "max": 1.0,
            "count": 111
        },
        "FlappyBird.IsTraining.sum": {
            "value": 1.0,
            "min": 1.0,
            "max": 1.0,
            "count": 111
        }
    },
    "metadata": {
        "timer_format_version": "0.1.0",
        "start_time_seconds": "1713716646",
        "python_version": "3.10.12 | packaged by Anaconda, Inc. | (main, Jul  5 2023, 19:01:18) [MSC v.1916 64 bit (AMD64)]",
        "command_line_arguments": "C:\\Users\\user\\miniconda3\\envs\\mlagents\\Scripts\\mlagents-learn config/FlappyBird.yaml --env=Builds/Flappy Bird Agent --num-envs=8 --run-id=FlappyBird",
        "mlagents_version": "1.1.0.dev0",
        "mlagents_envs_version": "1.1.0.dev0",
        "communication_protocol_version": "1.5.0",
        "pytorch_version": "2.2.2+cu121",
        "numpy_version": "1.23.5",
        "end_time_seconds": "1713720093"
    },
    "total": 3446.477224,
    "count": 1,
    "self": 0.4204022000008081,
    "children": {
        "run_training.setup": {
            "total": 0.5739859999998771,
            "count": 1,
            "self": 0.5739859999998771
        },
        "TrainerController.start_learning": {
            "total": 3445.4828357999995,
            "count": 1,
            "self": 3.18635769980483,
            "children": {
                "TrainerController._reset_env": {
                    "total": 8.438786100000016,
                    "count": 1,
                    "self": 8.438786100000016
                },
                "TrainerController.advance": {
                    "total": 3433.761058100195,
                    "count": 102022,
                    "self": 2.1097167001767048,
                    "children": {
                        "env_step": {
                            "total": 2091.1348433000985,
                            "count": 102022,
                            "self": 341.006425600252,
                            "children": {
                                "SubprocessEnvManager._take_step": {
                                    "total": 1746.3590536998888,
                                    "count": 696773,
                                    "self": 37.84015899970154,
                                    "children": {
                                        "TorchPolicy.evaluate": {
                                            "total": 1708.5188947001873,
                                            "count": 696773,
                                            "self": 1708.5188947001873
                                        }
                                    }
                                },
                                "workers": {
                                    "total": 3.7693639999577044,
                                    "count": 102021,
                                    "self": 0.0,
                                    "children": {
                                        "worker_root": {
                                            "total": 27484.432055699835,
                                            "count": 696768,
                                            "is_parallel": true,
                                            "self": 26034.966608399805,
                                            "children": {
                                                "steps_from_proto": {
                                                    "total": 0.0026095000002896995,
                                                    "count": 8,