{
    "name": "root",
    "gauges": {
        "FlappyBird.Policy.Entropy.mean": {
            "value": 0.08527405560016632,
            "min": 0.08527405560016632,
            "max": 0.09620199352502823,
            "count": 3
        },
        "FlappyBird.Policy.Entropy.sum": {
            "value": 4261.65625,
            "min": 3686.84521484375,
            "max": 4353.9599609375,
            "count": 3
        },
        "FlappyBird.Step.mean": {
            "value": 499997.0,
            "min": 399981.0,
            "max": 499997.0,
            "count": 3
        },
        "FlappyBird.Step.sum": {
            "value": 499997.0,
            "min": 399981.0,
            "max": 499997.0,
            "count": 3
        },
        "FlappyBird.Policy.ExtrinsicValueEstimate.mean": {
            "value": 9.329366683959961,
            "min": 9.180618286132812,
            "max": 9.329366683959961,
            "count": 3
        },
        "FlappyBird.Policy.ExtrinsicValueEstimate.sum": {
            "value": 7351.541015625,
            "min": 5618.53857421875,
            "max": 7351.541015625,
            "count": 3
        },
        "FlappyBird.Environment.EpisodeLength.mean": {
            "value": 2850.3571428571427,
            "min": 526.09375,
            "max": 2850.3571428571427,
            "count": 3
        },
        "FlappyBird.Environment.EpisodeLength.sum": {
            "value": 39905.0,
            "min": 16835.0,
            "max": 39905.0,
            "count": 3
        },
        "FlappyBird.Environment.CumulativeReward.mean": {
            "value": 284.13573940736904,
            "min": 51.7093793945387,
            "max": 284.13573940736904,
            "count": 3
        },
        "FlappyBird.Environment.CumulativeReward.sum": {
            "value": 3977.900351703167,
            "min": 1654.7001406252384,
            "max": 3977.900351703167,
            "count": 3
        },
        "FlappyBird.Policy.ExtrinsicReward.mean": {
            "value": 284.13573940736904,
            "min": 51.7093793945387,
            "max": 284.13573940736904,
            "count": 3
        },
        "FlappyBird.Policy.ExtrinsicReward.sum": {
            "value": 3977.900351703167,
            "min": 1654.7001406252384,
            "max": 3977.900351703167,
            "count": 3
        },
        "FlappyBird.Losses.PolicyLoss.mean": {
            "value": 0.02350541214148203,
            "min": 0.02341656398649017,
            "max": 0.023579887533560395,
            "count": 3
        },
        "FlappyBird.Losses.PolicyLoss.sum": {
            "value": 0.11752706070741016,
            "min": 0.07073966260068118,
            "max": 0.11752706070741016,
            "count": 3
        },
        "FlappyBird.Losses.ValueLoss.mean": {
            "value": 0.21736966372778016,
            "min": 0.21736966372778016,
            "max": 0.6158224691947302,
            "count": 3
        },
        "FlappyBird.Losses.ValueLoss.sum": {
            "value": 1.0868483186389009,
            "min": 1.0868483186389009,
            "max": 1.8474674075841904,
            "count": 3
        },
        "FlappyBird.Policy.LearningRate.mean": {
            "value": 1.5011254996279996e-05,
            "min": 1.5011254996279996e-05,
            "max": 7.056647647786666e-05,
            "count": 3
        },
        "FlappyBird.Policy.LearningRate.sum": {
            "value": 7.505627498139998e-05,
            "min": 7.505627498139998e-05,
            "max": 0.00022951542349500001,
            "count": 3
        },
        "FlappyBird.Policy.Epsilon.mean": {
            "value": 0.10500372,
            "min": 0.10500372,
            "max": 0.12352213333333334,
            "count": 3
        },
        "FlappyBird.Policy.Epsilon.sum": {
            "value": 0.5250186,
            "min": 0.3705664,
            "max": 0.5765050000000002,
            "count": 3
        },
        "FlappyBird.Policy.Beta.mean": {
            "value": 0.000259685628,
            "min": 0.000259685628,
            "max": 0.0011837544533333333,
            "count": 3
        },
        "FlappyBird.Policy.Beta.sum": {
            "value": 0.00129842814,
            "min": 0.00129842814,
            "max": 0.0038675995000000017,
            "count": 3
        },
        "FlappyBird.IsTraining.mean": {
            "value": 1.0,
            "min": 1.0,
            "max": 1.0,
            "count": 3
        },
        "FlappyBird.IsTraining.sum": {
            "value": 1.0,
            "min": 1.0,
            "max": 1.0,
            "count": 3
        }
    },
    "metadata": {
        "timer_format_version": "0.1.0",
        "start_time_seconds": "1713682519",
        "python_version": "3.10.12 | packaged by Anaconda, Inc. | (main, Jul  5 2023, 19:01:18) [MSC v.1916 64 bit (AMD64)]",
        "command_line_arguments": "C:\\Users\\user\\miniconda3\\envs\\mlagents\\Scripts\\mlagents-learn --run-id=FlappyBird --resume",
        "mlagents_version": "1.1.0.dev0",
        "mlagents_envs_version": "1.1.0.dev0",
        "communication_protocol_version": "1.5.0",
        "pytorch_version": "2.2.2+cu121",
        "numpy_version": "1.23.5",
        "end_time_seconds": "1713682916"
    },
    "total": 396.9673148000147,
    "count": 1,
    "self": 0.017451600026106462,
    "children": {
        "run_training.setup": {
            "total": 0.05648759999894537,
            "count": 1,
            "self": 0.05648759999894537
        },
        "TrainerController.start_learning": {
            "total": 396.89337559998967,
            "count": 1,
            "self": 0.9833946041180752,
            "children": {
                "TrainerController._reset_env": {
                    "total": 8.675354199978756,
                    "count": 1,
                    "self": 8.675354199978756
                },
                "TrainerController.advance": {
                    "total": 387.1002009958902,
                    "count": 34565,
                    "self": 0.9312839972262736,
                    "children": {
                        "env_step": {
                            "total": 320.279256601003,
                            "count": 34565,
                            "self": 155.5269149999076,
                            "children": {
                                "SubprocessEnvManager._take_step": {
                                    "total": 164.10726220160723,
                                    "count": 34565,
                                    "self": 3.094148900505388,
                                    "children": {
                                        "TorchPolicy.evaluate": {
                                            "total": 161.01311330110184,
                                            "count": 34565,
                                            "self": 161.01311330110184
                                        }
                                    }
                                },
                                "workers": {
                                    "total": 0.6450793994881678,
                                    "count": 34565,
                                    "self": 0.0,
                                    "children": {
                                        "worker_root": {
                                            "total": 388.7982237972901,
                                            "count": 34565,
                                            "is_parallel": true,
                                            "self": 284.8448022020748,
                                            "children": {
                                                "steps_from_proto": {
                                                    "total": 0.0005062000127509236,
                                                    "count": 1,
                                                    "is_parallel": true,