{"count":1,"self":187.086592,"total":187.2546955,"children":{"InitializeActuators":{"count":1,"self":0.0027537,"total":0.0027537,"children":null},"InitializeSensors":{"count":1,"self":0,"total":0,"children":null},"AgentSendState":{"count":9079,"self":0.063562399999999991,"total":0.1020478,"children":{"CollectObservations":{"count":9079,"self":0.0060021,"total":0.0060021,"children":null},"WriteActionMask":{"count":9079,"self":0.018062699999999998,"total":0.018062699999999998,"children":null},"RequestDecision":{"count":9079,"self":0.014420599999999999,"total":0.014420599999999999,"children":null}}},"DecideAction":{"count":9079,"self":0.042464299999999996,"total":0.042464299999999996,"children":null},"AgentAct":{"count":9079,"self":0.019831599999999998,"total":0.019831599999999998,"children":null}},"gauges":{"FlappyBird.CumulativeReward":{"count":42,"max":106.198936,"min":0.900000334,"runningAverage":20.5951118,"value":0.900000334,"weightedAverage":1.23819208}},"metadata":{"timer_format_version":"0.1.0","start_time_seconds":"1713618570","unity_version":"2023.2.19f1","command_line_arguments":"D:\\Unity\\Hub\\Editor\\2023.2.19f1\\Editor\\Unity.exe -projectpath D:\\Git\\Flappy Bird Agent -useHub -hubIPC -cloudEnvironment production","communication_protocol_version":"1.5.0","com.unity.ml-agents_version":"3.0.0-exp.1","scene_name":"SampleScene","end_time_seconds":"1713618757"}}