{"count":1,"self":62.952704,"total":63.0226688,"children":{"InitializeActuators":{"count":1,"self":0.0027324999999999997,"total":0.0027324999999999997,"children":null},"InitializeSensors":{"count":1,"self":0.0006097,"total":0.0006097,"children":null},"AgentSendState":{"count":2859,"self":0.026418,"total":0.0389801,"children":{"CollectObservations":{"count":2859,"self":0.0020478,"total":0.0020478,"children":null},"WriteActionMask":{"count":2859,"self":0.0085957999999999989,"total":0.0085957999999999989,"children":null},"RequestDecision":{"count":2859,"self":0.0019184999999999998,"total":0.0019184999999999998,"children":null}}},"DecideAction":{"count":2859,"self":0.0224094,"total":0.0224094,"children":null},"AgentAct":{"count":2859,"self":0.0046397999999999995,"total":0.0046397999999999995,"children":null}},"gauges":{"FlappyBird.CumulativeReward":{"count":10,"max":111.498856,"min":0.900000334,"runningAverage":27.4398174,"value":0.900000334,"weightedAverage":27.3704224}},"metadata":{"timer_format_version":"0.1.0","start_time_seconds":"1713619118","unity_version":"2023.2.19f1","command_line_arguments":"D:\\Unity\\Hub\\Editor\\2023.2.19f1\\Editor\\Unity.exe -projectpath D:\\Git\\Flappy Bird Agent -useHub -hubIPC -cloudEnvironment production","communication_protocol_version":"1.5.0","com.unity.ml-agents_version":"3.0.0-exp.1","scene_name":"SampleScene","end_time_seconds":"1713619180"}}