{"count":1,"self":121.260224,"total":122.78465449999999,"children":{"InitializeActuators":{"count":1,"self":0.0010050999999999999,"total":0.0010050999999999999,"children":null},"InitializeSensors":{"count":1,"self":0.0016210999999999999,"total":0.0016210999999999999,"children":null},"AgentSendState":{"count":5888,"self":0.1901089,"total":0.2423554,"children":{"CollectObservations":{"count":5888,"self":0.0215587,"total":0.0215587,"children":null},"WriteActionMask":{"count":5888,"self":0.0050297,"total":0.0050297,"children":null},"RequestDecision":{"count":5888,"self":0.0256581,"total":0.0256581,"children":null}}},"DecideAction":{"count":5888,"self":1.2554284999999998,"total":1.2732158999999998,"children":{"RayPerceptionSensor.Perceive":{"count":5888,"self":0.0177874,"total":0.0177874,"children":null}}},"AgentAct":{"count":5888,"self":0.0062302999999999994,"total":0.0062302999999999994,"children":null}},"gauges":{"FlappyBird.CumulativeReward":{"count":5,"max":232.105026,"min":26.4000683,"runningAverage":115.721863,"value":232.105026,"weightedAverage":120.090767}},"metadata":{"timer_format_version":"0.1.0","start_time_seconds":"1713720168","unity_version":"2023.2.19f1","command_line_arguments":"D:\\Unity\\Hub\\Editor\\2023.2.19f1\\Editor\\Unity.exe -projectpath D:\\Git\\Flappy Bird Agent -useHub -hubIPC -cloudEnvironment production","communication_protocol_version":"1.5.0","com.unity.ml-agents_version":"3.0.0-exp.1","scene_name":"SampleScene","end_time_seconds":"1713720290"}}